{"error": null, "params": {"dates": [{"endDate": "09-01-2020", "startDate": "01-01-2012", "yearRange": [1980, 2050]}], "layers": [{"layer": "_250m_16_days_NDVI", "product": "MOD13Q1.006"}, {"layer": "_250m_16_days_VI_Quality", "product": "MOD13Q1.006"}, {"layer": "_250m_16_days_NDVI", "product": "MYD13Q1.006"}, {"layer": "_250m_16_days_VI_Quality", "product": "MYD13Q1.006"}, {"layer": "band_1", "product": "eMODIS_Smoothed_NDVI.001"}], "coordinates": [{"id": "4343", "category": "NEON.D15.ONAQ.DP1.00033", "latitude": 40.1800068151579, "longitude": -112.455133434405}, {"id": "4344", "category": "NEON.D15.ONAQ.DP1.00033", "latitude": 40.1800068151579, "longitude": -112.453052429932}, {"id": "4345", "category": "NEON.D15.ONAQ.DP1.00033", "latitude": 40.1800068151579, "longitude": -112.450971425459}, {"id": "4445", "category": "NEON.D15.ONAQ.DP1.00033", "latitude": 40.1784168649682, "longitude": -112.450971425459}, {"id": "4444", "category": "NEON.D15.ONAQ.DP1.00033", "latitude": 40.1784168649682, "longitude": -112.453052429932}, {"id": "4443", "category": "NEON.D15.ONAQ.DP1.00033", "latitude": 40.1784168649682, "longitude": -112.455133434405}, {"id": "4543", "category": "NEON.D15.ONAQ.DP1.00033", "latitude": 40.1768268775211, "longitude": -112.455133434405}, {"id": "4544", "category": "NEON.D15.ONAQ.DP1.00033", "latitude": 40.1768268775211, "longitude": -112.453052429932}, {"id": "4545", "category": "NEON.D15.ONAQ.DP1.00033", "latitude": 40.1768268775211, "longitude": -112.450971425459}]}, "status": "processing", "created": "2020-09-10T23:28:36.991560", "task_id": "5d4bcd40-c89d-4bfe-9e66-766d55cd51c7", "updated": "2020-09-10T23:44:25.883499", "user_id": "kdw223@nau.edu", "estimate": {"request_size": 7614}, "retry_at": null, "task_name": "ONAQ", "task_type": "point", "api_version": null, "svc_version": "2.45", "web_version": "2.45", "size_category": "0", "expires_on": "2020-10-10T23:44:25.883499", "attempts": 1}
