{"error": null, "params": {"dates": [{"endDate": "09-01-2020", "startDate": "01-01-2012", "yearRange": [1980, 2050]}], "layers": [{"layer": "BRDF_Albedo_Band_Mandatory_Quality_Band1", "product": "MCD43A1.006"}, {"layer": "BRDF_Albedo_Band_Mandatory_Quality_Band2", "product": "MCD43A1.006"}, {"layer": "BRDF_Albedo_Band_Mandatory_Quality_Band3", "product": "MCD43A1.006"}, {"layer": "BRDF_Albedo_Band_Mandatory_Quality_Band4", "product": "MCD43A1.006"}, {"layer": "BRDF_Albedo_Band_Mandatory_Quality_Band5", "product": "MCD43A1.006"}, {"layer": "BRDF_Albedo_Band_Mandatory_Quality_Band6", "product": "MCD43A1.006"}, {"layer": "BRDF_Albedo_Band_Mandatory_Quality_Band7", "product": "MCD43A1.006"}, {"layer": "BRDF_Albedo_Band_Mandatory_Quality_nir", "product": "MCD43A1.006"}, {"layer": "BRDF_Albedo_Band_Mandatory_Quality_shortwave", "product": "MCD43A1.006"}, {"layer": "BRDF_Albedo_Band_Mandatory_Quality_vis", "product": "MCD43A1.006"}, {"layer": "BRDF_Albedo_Parameters_Band1", "product": "MCD43A1.006"}, {"layer": "BRDF_Albedo_Parameters_Band2", "product": "MCD43A1.006"}, {"layer": "BRDF_Albedo_Parameters_Band3", "product": "MCD43A1.006"}, {"layer": "BRDF_Albedo_Parameters_Band4", "product": "MCD43A1.006"}, {"layer": "BRDF_Albedo_Parameters_Band5", "product": "MCD43A1.006"}, {"layer": "BRDF_Albedo_Parameters_Band6", "product": "MCD43A1.006"}, {"layer": "BRDF_Albedo_Parameters_Band7", "product": "MCD43A1.006"}, {"layer": "BRDF_Albedo_Parameters_nir", "product": "MCD43A1.006"}, {"layer": "BRDF_Albedo_Parameters_shortwave", "product": "MCD43A1.006"}, {"layer": "BRDF_Albedo_Parameters_vis", "product": "MCD43A1.006"}], "coordinates": [{"id": "4443", "category": "NEON.D03.DSNY.DP1.00033", "latitude": 28.1259473703484, "longitude": -81.4394193360331}, {"id": "4444", "category": "NEON.D03.DSNY.DP1.00033", "latitude": 28.1259473703484, "longitude": -81.4373383315601}, {"id": "4445", "category": "NEON.D03.DSNY.DP1.00033", "latitude": 28.1259473703484, "longitude": -81.4352573270872}, {"id": "4345", "category": "NEON.D03.DSNY.DP1.00033", "latitude": 28.127782620512, "longitude": -81.4352573270872}, {"id": "4344", "category": "NEON.D03.DSNY.DP1.00033", "latitude": 28.127782620512, "longitude": -81.4373383315601}, {"id": "4343", "category": "NEON.D03.DSNY.DP1.00033", "latitude": 28.127782620512, "longitude": -81.4394193360331}, {"id": "4543", "category": "NEON.D03.DSNY.DP1.00033", "latitude": 28.1241120887616, "longitude": -81.4394193360331}, {"id": "4544", "category": "NEON.D03.DSNY.DP1.00033", "latitude": 28.1241120887616, "longitude": -81.4373383315601}, {"id": "4545", "category": "NEON.D03.DSNY.DP1.00033", "latitude": 28.1241120887616, "longitude": -81.4352573270872}]}, "status": "processing", "created": "2020-11-05T20:18:39.451724", "task_id": "9c3d58ea-22be-4b00-8dcf-18411dbfceeb", "updated": "2020-11-05T20:21:20.591940", "user_id": "kdw223@nau.edu", "estimate": {"request_size": 28503}, "retry_at": null, "has_swath": false, "task_name": "DSNY_daily", "task_type": "point", "api_version": null, "svc_version": "2.48", "web_version": "2.48", "size_category": "0", "expires_on": "2020-12-05T20:21:20.591940", "attempts": 1}
