{"error": null, "params": {"dates": [{"endDate": "09-01-2020", "startDate": "01-01-2012", "yearRange": [1980, 2050]}], "layers": [{"layer": "_250m_16_days_NDVI", "product": "MOD13Q1.006"}, {"layer": "_250m_16_days_VI_Quality", "product": "MOD13Q1.006"}, {"layer": "_250m_16_days_NDVI", "product": "MYD13Q1.006"}, {"layer": "_250m_16_days_VI_Quality", "product": "MYD13Q1.006"}, {"layer": "band_1", "product": "eMODIS_Smoothed_NDVI.001"}], "coordinates": [{"id": "4444", "category": "NEON.D16.ABBY.DP1.00033", "latitude": 45.7633564643645, "longitude": -122.331118584341}, {"id": "4445", "category": "NEON.D16.ABBY.DP1.00033", "latitude": 45.7633564643645, "longitude": -122.329037579869}, {"id": "4443", "category": "NEON.D16.ABBY.DP1.00033", "latitude": 45.7633564643645, "longitude": -122.333199588814}, {"id": "4343", "category": "NEON.D16.ABBY.DP1.00033", "latitude": 45.7648082030175, "longitude": -122.333199588814}, {"id": "4344", "category": "NEON.D16.ABBY.DP1.00033", "latitude": 45.7648082030175, "longitude": -122.331118584341}, {"id": "4345", "category": "NEON.D16.ABBY.DP1.00033", "latitude": 45.7648082030175, "longitude": -122.329037579869}, {"id": "4545", "category": "NEON.D16.ABBY.DP1.00033", "latitude": 45.7619046879334, "longitude": -122.329037579869}, {"id": "4544", "category": "NEON.D16.ABBY.DP1.00033", "latitude": 45.7619046879334, "longitude": -122.331118584341}, {"id": "4543", "category": "NEON.D16.ABBY.DP1.00033", "latitude": 45.7619046879334, "longitude": -122.333199588814}]}, "status": "processing", "created": "2020-09-10T23:24:18.127241", "task_id": "7f86d505-eaf4-4c82-8c5f-bae16f93f72e", "updated": "2020-09-10T23:24:23.287816", "user_id": "kdw223@nau.edu", "estimate": {"request_size": 7614}, "retry_at": null, "task_name": "ABBY", "task_type": "point", "api_version": null, "svc_version": "2.45", "web_version": "2.45", "size_category": "0", "expires_on": "2020-10-10T23:24:23.287816", "attempts": 1}
