{"error": null, "params": {"dates": [{"endDate": "09-01-2020", "startDate": "01-01-2012", "yearRange": [1980, 2050]}], "layers": [{"layer": "BRDF_Albedo_Band_Mandatory_Quality_Band1", "product": "MCD43A1.006"}, {"layer": "BRDF_Albedo_Band_Mandatory_Quality_Band2", "product": "MCD43A1.006"}, {"layer": "BRDF_Albedo_Band_Mandatory_Quality_Band3", "product": "MCD43A1.006"}, {"layer": "BRDF_Albedo_Band_Mandatory_Quality_Band4", "product": "MCD43A1.006"}, {"layer": "BRDF_Albedo_Band_Mandatory_Quality_Band5", "product": "MCD43A1.006"}, {"layer": "BRDF_Albedo_Band_Mandatory_Quality_Band6", "product": "MCD43A1.006"}, {"layer": "BRDF_Albedo_Band_Mandatory_Quality_Band7", "product": "MCD43A1.006"}, {"layer": "BRDF_Albedo_Band_Mandatory_Quality_nir", "product": "MCD43A1.006"}, {"layer": "BRDF_Albedo_Band_Mandatory_Quality_shortwave", "product": "MCD43A1.006"}, {"layer": "BRDF_Albedo_Band_Mandatory_Quality_vis", "product": "MCD43A1.006"}, {"layer": "BRDF_Albedo_Parameters_Band1", "product": "MCD43A1.006"}, {"layer": "BRDF_Albedo_Parameters_Band2", "product": "MCD43A1.006"}, {"layer": "BRDF_Albedo_Parameters_Band3", "product": "MCD43A1.006"}, {"layer": "BRDF_Albedo_Parameters_Band4", "product": "MCD43A1.006"}, {"layer": "BRDF_Albedo_Parameters_Band5", "product": "MCD43A1.006"}, {"layer": "BRDF_Albedo_Parameters_Band6", "product": "MCD43A1.006"}, {"layer": "BRDF_Albedo_Parameters_Band7", "product": "MCD43A1.006"}, {"layer": "BRDF_Albedo_Parameters_nir", "product": "MCD43A1.006"}, {"layer": "BRDF_Albedo_Parameters_shortwave", "product": "MCD43A1.006"}, {"layer": "BRDF_Albedo_Parameters_vis", "product": "MCD43A1.006"}], "coordinates": [{"id": "4443", "category": "NEON.D03.OSBS.DP1.00033", "latitude": 29.6904173464005, "longitude": -81.9954732716442}, {"id": "4444", "category": "NEON.D03.OSBS.DP1.00033", "latitude": 29.6904173464005, "longitude": -81.9933922671713}, {"id": "4344", "category": "NEON.D03.OSBS.DP1.00033", "latitude": 29.692225128623, "longitude": -81.9933922671713}, {"id": "4343", "category": "NEON.D03.OSBS.DP1.00033", "latitude": 29.692225128623, "longitude": -81.9954732716442}, {"id": "4543", "category": "NEON.D03.OSBS.DP1.00033", "latitude": 29.6886095316558, "longitude": -81.9954732716442}, {"id": "4544", "category": "NEON.D03.OSBS.DP1.00033", "latitude": 29.6886095316558, "longitude": -81.9933922671713}, {"id": "4442", "category": "NEON.D03.OSBS.DP1.00033", "latitude": 29.6904173464005, "longitude": -81.9975542761171}, {"id": "4342", "category": "NEON.D03.OSBS.DP1.00033", "latitude": 29.692225128623, "longitude": -81.9975542761171}, {"id": "4542", "category": "NEON.D03.OSBS.DP1.00033", "latitude": 29.6886095316558, "longitude": -81.9975542761171}]}, "status": "processing", "created": "2020-11-05T20:17:09.241786", "task_id": "ced634f3-5139-4f70-a7b6-a213794abb69", "updated": "2020-11-05T20:19:31.338891", "user_id": "kdw223@nau.edu", "estimate": {"request_size": 28503}, "retry_at": null, "has_swath": false, "task_name": "OSBS_daily", "task_type": "point", "api_version": null, "svc_version": "2.48", "web_version": "2.48", "size_category": "0", "expires_on": "2020-12-05T20:19:31.338891", "attempts": 1}
