{"error": null, "params": {"dates": [{"endDate": "09-01-2020", "startDate": "01-01-2012", "yearRange": [1980, 2050]}], "layers": [{"layer": "_250m_16_days_NDVI", "product": "MOD13Q1.006"}, {"layer": "_250m_16_days_VI_Quality", "product": "MOD13Q1.006"}, {"layer": "_250m_16_days_NDVI", "product": "MYD13Q1.006"}, {"layer": "_250m_16_days_VI_Quality", "product": "MYD13Q1.006"}, {"layer": "band_1", "product": "eMODIS_Smoothed_NDVI.001"}], "coordinates": [{"id": "4443", "category": "NEON.D03.OSBS.DP1.00033", "latitude": 29.6904173464005, "longitude": -81.9954732716442}, {"id": "4444", "category": "NEON.D03.OSBS.DP1.00033", "latitude": 29.6904173464005, "longitude": -81.9933922671713}, {"id": "4344", "category": "NEON.D03.OSBS.DP1.00033", "latitude": 29.692225128623, "longitude": -81.9933922671713}, {"id": "4343", "category": "NEON.D03.OSBS.DP1.00033", "latitude": 29.692225128623, "longitude": -81.9954732716442}, {"id": "4543", "category": "NEON.D03.OSBS.DP1.00033", "latitude": 29.6886095316558, "longitude": -81.9954732716442}, {"id": "4544", "category": "NEON.D03.OSBS.DP1.00033", "latitude": 29.6886095316558, "longitude": -81.9933922671713}, {"id": "4442", "category": "NEON.D03.OSBS.DP1.00033", "latitude": 29.6904173464005, "longitude": -81.9975542761171}, {"id": "4342", "category": "NEON.D03.OSBS.DP1.00033", "latitude": 29.692225128623, "longitude": -81.9975542761171}, {"id": "4542", "category": "NEON.D03.OSBS.DP1.00033", "latitude": 29.6886095316558, "longitude": -81.9975542761171}]}, "status": "processing", "created": "2020-09-10T23:28:10.632413", "task_id": "941c7507-a6d6-49e7-b608-7bd50ecec7a4", "updated": "2020-09-10T23:40:16.367826", "user_id": "kdw223@nau.edu", "estimate": {"request_size": 7614}, "retry_at": null, "task_name": "OSBS", "task_type": "point", "api_version": null, "svc_version": "2.45", "web_version": "2.45", "size_category": "0", "expires_on": "2020-10-10T23:40:16.367826", "attempts": 1}
