{"error": null, "params": {"dates": [{"endDate": "09-01-2020", "startDate": "01-01-2012", "yearRange": [1980, 2050]}], "layers": [{"layer": "_250m_16_days_NDVI", "product": "MOD13Q1.006"}, {"layer": "_250m_16_days_VI_Quality", "product": "MOD13Q1.006"}, {"layer": "_250m_16_days_NDVI", "product": "MYD13Q1.006"}, {"layer": "_250m_16_days_VI_Quality", "product": "MYD13Q1.006"}, {"layer": "band_1", "product": "eMODIS_Smoothed_NDVI.001"}], "coordinates": [{"id": "4344", "category": "NEON.D01.HARV.DP1.00033", "latitude": 42.5380653869601, "longitude": -72.1737841850656}, {"id": "4345", "category": "NEON.D01.HARV.DP1.00033", "latitude": 42.5380653869601, "longitude": -72.1717031805926}, {"id": "4343", "category": "NEON.D01.HARV.DP1.00033", "latitude": 42.5380653869601, "longitude": -72.1758651895385}, {"id": "4243", "category": "NEON.D01.HARV.DP1.00033", "latitude": 42.5395987111944, "longitude": -72.1758651895385}, {"id": "4244", "category": "NEON.D01.HARV.DP1.00033", "latitude": 42.5395987111944, "longitude": -72.1737841850656}, {"id": "4245", "category": "NEON.D01.HARV.DP1.00033", "latitude": 42.5395987111944, "longitude": -72.1717031805926}, {"id": "4445", "category": "NEON.D01.HARV.DP1.00033", "latitude": 42.5365320250737, "longitude": -72.1717031805926}, {"id": "4444", "category": "NEON.D01.HARV.DP1.00033", "latitude": 42.5365320250737, "longitude": -72.1737841850656}, {"id": "4443", "category": "NEON.D01.HARV.DP1.00033", "latitude": 42.5365320250737, "longitude": -72.1758651895385}]}, "status": "processing", "created": "2020-09-10T23:27:16.187548", "task_id": "4e0bb63e-74a0-4ab9-9ddb-898bc9f6fa37", "updated": "2020-09-10T23:29:21.073591", "user_id": "kdw223@nau.edu", "estimate": {"request_size": 7614}, "retry_at": null, "task_name": "HARV", "task_type": "point", "api_version": null, "svc_version": "2.45", "web_version": "2.45", "size_category": "0", "expires_on": "2020-10-10T23:29:21.073591", "attempts": 1}
