{"error": null, "params": {"dates": [{"endDate": "09-01-2020", "startDate": "01-01-2012", "yearRange": [1980, 2050]}], "layers": [{"layer": "BRDF_Albedo_Band_Mandatory_Quality_Band1", "product": "MCD43A1.006"}, {"layer": "BRDF_Albedo_Band_Mandatory_Quality_Band2", "product": "MCD43A1.006"}, {"layer": "BRDF_Albedo_Band_Mandatory_Quality_Band3", "product": "MCD43A1.006"}, {"layer": "BRDF_Albedo_Band_Mandatory_Quality_Band4", "product": "MCD43A1.006"}, {"layer": "BRDF_Albedo_Band_Mandatory_Quality_Band5", "product": "MCD43A1.006"}, {"layer": "BRDF_Albedo_Band_Mandatory_Quality_Band6", "product": "MCD43A1.006"}, {"layer": "BRDF_Albedo_Band_Mandatory_Quality_Band7", "product": "MCD43A1.006"}, {"layer": "BRDF_Albedo_Band_Mandatory_Quality_nir", "product": "MCD43A1.006"}, {"layer": "BRDF_Albedo_Band_Mandatory_Quality_shortwave", "product": "MCD43A1.006"}, {"layer": "BRDF_Albedo_Band_Mandatory_Quality_vis", "product": "MCD43A1.006"}, {"layer": "BRDF_Albedo_Parameters_Band1", "product": "MCD43A1.006"}, {"layer": "BRDF_Albedo_Parameters_Band2", "product": "MCD43A1.006"}, {"layer": "BRDF_Albedo_Parameters_Band3", "product": "MCD43A1.006"}, {"layer": "BRDF_Albedo_Parameters_Band4", "product": "MCD43A1.006"}, {"layer": "BRDF_Albedo_Parameters_Band5", "product": "MCD43A1.006"}, {"layer": "BRDF_Albedo_Parameters_Band6", "product": "MCD43A1.006"}, {"layer": "BRDF_Albedo_Parameters_Band7", "product": "MCD43A1.006"}, {"layer": "BRDF_Albedo_Parameters_nir", "product": "MCD43A1.006"}, {"layer": "BRDF_Albedo_Parameters_shortwave", "product": "MCD43A1.006"}, {"layer": "BRDF_Albedo_Parameters_vis", "product": "MCD43A1.006"}], "coordinates": [{"id": "4344", "category": "NEON.D01.HARV.DP1.00033", "latitude": 42.5380653869601, "longitude": -72.1737841850656}, {"id": "4345", "category": "NEON.D01.HARV.DP1.00033", "latitude": 42.5380653869601, "longitude": -72.1717031805926}, {"id": "4343", "category": "NEON.D01.HARV.DP1.00033", "latitude": 42.5380653869601, "longitude": -72.1758651895385}, {"id": "4243", "category": "NEON.D01.HARV.DP1.00033", "latitude": 42.5395987111944, "longitude": -72.1758651895385}, {"id": "4244", "category": "NEON.D01.HARV.DP1.00033", "latitude": 42.5395987111944, "longitude": -72.1737841850656}, {"id": "4245", "category": "NEON.D01.HARV.DP1.00033", "latitude": 42.5395987111944, "longitude": -72.1717031805926}, {"id": "4445", "category": "NEON.D01.HARV.DP1.00033", "latitude": 42.5365320250737, "longitude": -72.1717031805926}, {"id": "4444", "category": "NEON.D01.HARV.DP1.00033", "latitude": 42.5365320250737, "longitude": -72.1737841850656}, {"id": "4443", "category": "NEON.D01.HARV.DP1.00033", "latitude": 42.5365320250737, "longitude": -72.1758651895385}]}, "status": "processing", "created": "2020-11-05T20:27:24.473558", "task_id": "4f51ef70-7f6e-4eaa-bb44-81141c9d8d36", "updated": "2020-11-05T21:03:01.125395", "user_id": "kdw223@nau.edu", "estimate": {"request_size": 28503}, "retry_at": null, "has_swath": false, "task_name": "HARV_daily", "task_type": "point", "api_version": null, "svc_version": "2.48", "web_version": "2.48", "size_category": "0", "expires_on": "2020-12-05T21:03:01.125395", "attempts": 1}
