{"error": null, "params": {"dates": [{"endDate": "09-01-2020", "startDate": "01-01-2012", "yearRange": [1980, 2050]}], "layers": [{"layer": "BRDF_Albedo_Band_Mandatory_Quality_Band1", "product": "MCD43A1.006"}, {"layer": "BRDF_Albedo_Band_Mandatory_Quality_Band2", "product": "MCD43A1.006"}, {"layer": "BRDF_Albedo_Band_Mandatory_Quality_Band3", "product": "MCD43A1.006"}, {"layer": "BRDF_Albedo_Band_Mandatory_Quality_Band4", "product": "MCD43A1.006"}, {"layer": "BRDF_Albedo_Band_Mandatory_Quality_Band5", "product": "MCD43A1.006"}, {"layer": "BRDF_Albedo_Band_Mandatory_Quality_Band6", "product": "MCD43A1.006"}, {"layer": "BRDF_Albedo_Band_Mandatory_Quality_Band7", "product": "MCD43A1.006"}, {"layer": "BRDF_Albedo_Band_Mandatory_Quality_nir", "product": "MCD43A1.006"}, {"layer": "BRDF_Albedo_Band_Mandatory_Quality_shortwave", "product": "MCD43A1.006"}, {"layer": "BRDF_Albedo_Band_Mandatory_Quality_vis", "product": "MCD43A1.006"}, {"layer": "BRDF_Albedo_Parameters_Band1", "product": "MCD43A1.006"}, {"layer": "BRDF_Albedo_Parameters_Band2", "product": "MCD43A1.006"}, {"layer": "BRDF_Albedo_Parameters_Band3", "product": "MCD43A1.006"}, {"layer": "BRDF_Albedo_Parameters_Band4", "product": "MCD43A1.006"}, {"layer": "BRDF_Albedo_Parameters_Band5", "product": "MCD43A1.006"}, {"layer": "BRDF_Albedo_Parameters_Band6", "product": "MCD43A1.006"}, {"layer": "BRDF_Albedo_Parameters_Band7", "product": "MCD43A1.006"}, {"layer": "BRDF_Albedo_Parameters_nir", "product": "MCD43A1.006"}, {"layer": "BRDF_Albedo_Parameters_shortwave", "product": "MCD43A1.006"}, {"layer": "BRDF_Albedo_Parameters_vis", "product": "MCD43A1.006"}], "coordinates": [{"id": "4444", "category": "NEON.D16.ABBY.DP1.00033", "latitude": 45.7633564643645, "longitude": -122.331118584341}, {"id": "4445", "category": "NEON.D16.ABBY.DP1.00033", "latitude": 45.7633564643645, "longitude": -122.329037579869}, {"id": "4443", "category": "NEON.D16.ABBY.DP1.00033", "latitude": 45.7633564643645, "longitude": -122.333199588814}, {"id": "4343", "category": "NEON.D16.ABBY.DP1.00033", "latitude": 45.7648082030175, "longitude": -122.333199588814}, {"id": "4344", "category": "NEON.D16.ABBY.DP1.00033", "latitude": 45.7648082030175, "longitude": -122.331118584341}, {"id": "4345", "category": "NEON.D16.ABBY.DP1.00033", "latitude": 45.7648082030175, "longitude": -122.329037579869}, {"id": "4545", "category": "NEON.D16.ABBY.DP1.00033", "latitude": 45.7619046879334, "longitude": -122.329037579869}, {"id": "4544", "category": "NEON.D16.ABBY.DP1.00033", "latitude": 45.7619046879334, "longitude": -122.331118584341}, {"id": "4543", "category": "NEON.D16.ABBY.DP1.00033", "latitude": 45.7619046879334, "longitude": -122.333199588814}]}, "status": "processing", "created": "2020-11-05T20:28:35.769574", "task_id": "a2f67325-1dd9-4265-a042-3518b9ca09c2", "updated": "2020-11-05T21:03:33.487870", "user_id": "kdw223@nau.edu", "estimate": {"request_size": 28503}, "retry_at": null, "has_swath": false, "task_name": "ABBY_daily", "task_type": "point", "api_version": null, "svc_version": "2.48", "web_version": "2.48", "size_category": "0", "expires_on": "2020-12-05T21:03:33.487870", "attempts": 1}
