{"error": null, "params": {"dates": [{"endDate": "09-01-2020", "startDate": "01-01-2012", "yearRange": [1980, 2050]}], "layers": [{"layer": "_250m_16_days_NDVI", "product": "MOD13Q1.006"}, {"layer": "_250m_16_days_VI_Quality", "product": "MOD13Q1.006"}, {"layer": "_250m_16_days_NDVI", "product": "MYD13Q1.006"}, {"layer": "_250m_16_days_VI_Quality", "product": "MYD13Q1.006"}, {"layer": "band_1", "product": "eMODIS_Smoothed_NDVI.001"}], "coordinates": [{"id": "4443", "category": "NEON.D03.DSNY.DP1.00033", "latitude": 28.1259473703484, "longitude": -81.4394193360331}, {"id": "4444", "category": "NEON.D03.DSNY.DP1.00033", "latitude": 28.1259473703484, "longitude": -81.4373383315601}, {"id": "4445", "category": "NEON.D03.DSNY.DP1.00033", "latitude": 28.1259473703484, "longitude": -81.4352573270872}, {"id": "4345", "category": "NEON.D03.DSNY.DP1.00033", "latitude": 28.127782620512, "longitude": -81.4352573270872}, {"id": "4344", "category": "NEON.D03.DSNY.DP1.00033", "latitude": 28.127782620512, "longitude": -81.4373383315601}, {"id": "4343", "category": "NEON.D03.DSNY.DP1.00033", "latitude": 28.127782620512, "longitude": -81.4394193360331}, {"id": "4543", "category": "NEON.D03.DSNY.DP1.00033", "latitude": 28.1241120887616, "longitude": -81.4394193360331}, {"id": "4544", "category": "NEON.D03.DSNY.DP1.00033", "latitude": 28.1241120887616, "longitude": -81.4373383315601}, {"id": "4545", "category": "NEON.D03.DSNY.DP1.00033", "latitude": 28.1241120887616, "longitude": -81.4352573270872}]}, "status": "processing", "created": "2020-09-10T23:27:38.115589", "task_id": "b86afda9-8e4c-40b3-9083-ca4bc176e2af", "updated": "2020-09-10T23:33:28.071965", "user_id": "kdw223@nau.edu", "estimate": {"request_size": 7614}, "retry_at": null, "task_name": "DSNY", "task_type": "point", "api_version": null, "svc_version": "2.45", "web_version": "2.45", "size_category": "0", "expires_on": "2020-10-10T23:33:28.071965", "attempts": 1}
