{"error": null, "params": {"dates": [{"endDate": "09-01-2020", "startDate": "01-01-2012", "yearRange": [1980, 2050]}], "layers": [{"layer": "BRDF_Albedo_Band_Mandatory_Quality_Band1", "product": "MCD43A1.006"}, {"layer": "BRDF_Albedo_Band_Mandatory_Quality_Band2", "product": "MCD43A1.006"}, {"layer": "BRDF_Albedo_Band_Mandatory_Quality_Band3", "product": "MCD43A1.006"}, {"layer": "BRDF_Albedo_Band_Mandatory_Quality_Band4", "product": "MCD43A1.006"}, {"layer": "BRDF_Albedo_Band_Mandatory_Quality_Band5", "product": "MCD43A1.006"}, {"layer": "BRDF_Albedo_Band_Mandatory_Quality_Band6", "product": "MCD43A1.006"}, {"layer": "BRDF_Albedo_Band_Mandatory_Quality_Band7", "product": "MCD43A1.006"}, {"layer": "BRDF_Albedo_Band_Mandatory_Quality_nir", "product": "MCD43A1.006"}, {"layer": "BRDF_Albedo_Band_Mandatory_Quality_shortwave", "product": "MCD43A1.006"}, {"layer": "BRDF_Albedo_Band_Mandatory_Quality_vis", "product": "MCD43A1.006"}, {"layer": "BRDF_Albedo_Parameters_Band1", "product": "MCD43A1.006"}, {"layer": "BRDF_Albedo_Parameters_Band2", "product": "MCD43A1.006"}, {"layer": "BRDF_Albedo_Parameters_Band3", "product": "MCD43A1.006"}, {"layer": "BRDF_Albedo_Parameters_Band4", "product": "MCD43A1.006"}, {"layer": "BRDF_Albedo_Parameters_Band5", "product": "MCD43A1.006"}, {"layer": "BRDF_Albedo_Parameters_Band6", "product": "MCD43A1.006"}, {"layer": "BRDF_Albedo_Parameters_Band7", "product": "MCD43A1.006"}, {"layer": "BRDF_Albedo_Parameters_nir", "product": "MCD43A1.006"}, {"layer": "BRDF_Albedo_Parameters_shortwave", "product": "MCD43A1.006"}, {"layer": "BRDF_Albedo_Parameters_vis", "product": "MCD43A1.006"}], "coordinates": [{"id": "4343", "category": "NEON.D15.ONAQ.DP1.00033", "latitude": 40.1800068151579, "longitude": -112.455133434405}, {"id": "4344", "category": "NEON.D15.ONAQ.DP1.00033", "latitude": 40.1800068151579, "longitude": -112.453052429932}, {"id": "4345", "category": "NEON.D15.ONAQ.DP1.00033", "latitude": 40.1800068151579, "longitude": -112.450971425459}, {"id": "4445", "category": "NEON.D15.ONAQ.DP1.00033", "latitude": 40.1784168649682, "longitude": -112.450971425459}, {"id": "4444", "category": "NEON.D15.ONAQ.DP1.00033", "latitude": 40.1784168649682, "longitude": -112.453052429932}, {"id": "4443", "category": "NEON.D15.ONAQ.DP1.00033", "latitude": 40.1784168649682, "longitude": -112.455133434405}, {"id": "4543", "category": "NEON.D15.ONAQ.DP1.00033", "latitude": 40.1768268775211, "longitude": -112.455133434405}, {"id": "4544", "category": "NEON.D15.ONAQ.DP1.00033", "latitude": 40.1768268775211, "longitude": -112.453052429932}, {"id": "4545", "category": "NEON.D15.ONAQ.DP1.00033", "latitude": 40.1768268775211, "longitude": -112.450971425459}]}, "status": "processing", "created": "2020-11-05T18:38:01.948688", "task_id": "34c7924c-2696-4d14-a136-4ba149a9cbed", "updated": "2020-11-05T18:38:03.875306", "user_id": "kdw223@nau.edu", "estimate": {"request_size": 28503}, "retry_at": null, "has_swath": false, "task_name": "ONAQ_daily", "task_type": "point", "api_version": null, "svc_version": "2.48", "web_version": "2.48", "size_category": "0", "expires_on": "2020-12-05T18:38:03.875306", "attempts": 1}
